X1,X2,X3,X4,y
-1.66853166753,-1.29901345931,0.274647203612,-0.603620436019,0
-2.97288269586,-1.08878294274,0.708859575367,0.422818574677,0
-0.596141254639,-1.37007000629,-3.1168565916,0.644452033411,0
-1.06894674259,-1.17505738233,-1.91374267086,0.663561576591,0
-1.30526887506,-0.965925657006,-0.154072398425,1.19361168075,0
-2.18261831655,-0.970113868569,-0.0981612112059,-0.886614260056,0
-1.24797892278,-1.13094524632,-0.147353664583,1.05980629493,0
-1.35308792398,-1.06633680885,0.0262466178616,-0.114335159872,0
-1.13449870792,-1.27403448473,0.743553515508,0.21035936663,0
-0.384574453388,-1.08840345805,-0.00592740583323,1.3660600684,0
-1.01065059879,-0.520170710023,1.55511403206,0.613326226329,0
-0.583101550215,-1.18236445744,-0.285959151485,1.49691099352,0
-0.297603875906,-1.45995253157,1.18311955733,0.718897165528,0
-0.860575808065,-1.01530275382,-1.21607658075,0.140671903308,0
-2.47091770623,-1.21696663358,-0.743672174701,-0.159012251554,0
-1.33090081854,-1.01316174924,0.240056929297,0.100159408091,0
0.748400023509,-0.917486740294,-0.475175105829,1.27295374892,0
-1.05483466299,-0.932040804346,-1.69613126683,0.73018353113,0
-2.19888276405,-1.17327072421,-1.85748327159,0.382598136723,0
-0.683054783638,-0.942537873555,-0.886904326284,0.878303757733,0
0.335415183154,-0.86742253098,0.0864525240076,0.247706378467,0
-2.20841564998,-0.621480864111,-1.01827932557,-0.654570134998,0
-0.550980744859,-0.925929528269,0.207217393411,0.583569926909,0
-1.36765353008,-0.747092808276,2.92909624176,0.222858323103,0
-0.51006006062,-0.720580418075,0.976037525369,-1.55693393251,0
-1.12882553378,-0.825677183203,-1.32989186133,-0.355494774608,0
0.0384635659312,-0.954088243721,-1.19742769564,1.48639925347,0
-1.33427090657,-0.978617444947,-0.41021869278,1.38218188839,0
-1.25324503777,-1.00029749098,1.48678247409,0.0427797198836,0
-0.585950399245,-0.900839707177,0.501799753808,-0.0560994733409,0
-0.580891325901,-0.89392287763,0.538437000355,0.483341851781,0
0.531593218673,-0.921063254495,-0.123649625892,0.504969981463,0
-0.716493504406,-1.04695893465,1.72369627567,0.713016229711,0
-1.04283938321,-0.69187265418,0.325799613641,0.124769521043,0
-0.860684949635,-0.836363778947,-1.01267312377,-1.02729687708,0
-1.24742087294,-1.12497412115,0.32335653148,-1.36939112405,0
-0.246890557273,-1.2501730735,-0.766327598964,1.28151134036,0
-0.536665170653,-1.09784291209,1.91422969706,-1.6659560768,0
-0.367416110199,-0.866962180039,1.6266495623,-0.211438290846,0
-0.982574403297,-0.942345745968,-0.0150050870314,-0.113411630643,0
-1.48295957984,-0.757997303156,1.08054412703,-1.60767657904,0
0.126342389093,-1.14164764294,0.456163611355,-0.944870197388,0
-2.8005068908,-1.19274076302,0.570788529382,1.54279633829,0
-1.09178326789,-1.21689417209,-0.00041732641262,0.374155085971,0
-1.62364328938,-0.768947758807,0.409551778238,-0.79959349967,0
-1.88977851408,-0.88147174699,1.51163934988,1.70646824726,0
-1.81639914663,-0.999802507558,0.701783372117,0.0732854320076,0
-1.63157071299,-1.03650368148,-0.461893815354,-0.626490223149,0
-2.41916601792,-0.933654308836,1.71083658255,1.41441504273,0
-1.34422882108,-1.00725660025,-0.0636614887895,-1.57993052967,0
-0.30526944606,-1.38699973119,-2.83201186991,-1.08342666026,0
-1.51641011667,-0.736610655814,-0.130620395995,1.40068903444,0
-2.30882388383,-0.716744119538,-0.651656209058,0.504815456341,0
-0.324597900427,-0.954857301831,1.30318096165,0.128536316856,0
-2.55740417206,-1.28605523247,-0.142447868789,-1.30876351424,0
-2.09054575062,-1.29813125337,-1.2024753082,0.416099634416,0
-2.34425834861,-0.773596255168,-0.200907533201,0.122531317653,0
-1.58341691891,-0.921598100947,-0.0472777156962,0.664144049359,0
-1.06548380789,-1.1746915487,-0.784687411429,-0.335580643583,0
-1.85395399741,-1.07418328104,1.89618222863,-0.799786138386,0
-0.202533357458,-1.10906196207,-0.2815754308,-0.589386701979,0
-2.11182182072,-1.00247152996,0.444781362407,1.02239232244,0
-0.743061487344,-0.881965586487,-0.498211618586,-0.431414341105,0
-2.38079240656,-0.851831379237,-0.278981605303,0.529833783475,0
-1.45709092988,-1.10421759175,-0.73939530251,-0.375959965971,0
-1.27469357315,-0.842227008533,-2.37219387151,-1.38174500949,0
-0.891079255358,-0.87863928037,-0.112443756019,0.897864173203,0
-1.41022539927,-0.860873921092,0.295075783302,-1.09876845667,0
-0.949445785267,-1.11068690961,-1.40025620813,0.174680092898,0
-0.211459782117,-1.1123085653,-1.65280364225,1.06592681872,0
-1.05192543153,-0.717520993872,0.0638961916502,-1.60732015923,0
-1.5370578923,-1.00543911812,-0.965953858842,-0.724311319231,0
-2.22363432696,-1.38852429182,-0.773192510223,-1.48993300822,0
-1.70471270945,-0.794696152022,-0.874662521989,-0.68440155614,0
-0.371897552816,-0.783178261934,-0.71128575561,1.12795662493,0
-2.34594776206,-0.922395436008,0.104827802827,-0.993257217438,0
-0.196035718957,-0.898876326122,-0.334621605954,-0.879557097311,0
-0.453944261427,-1.00780232139,-0.300006659012,0.875509153141,0
-0.367258275517,-1.24198216039,0.252270780612,2.28560118153,0
-0.424270366073,-0.812280992314,0.375927425767,-0.913594509977,0
-2.43197322067,-0.837562258399,0.809740730814,1.07993121714,0
-1.25838621799,-1.16581263916,1.09416699144,-1.09424095304,0
-1.42616055959,-0.749413078759,-0.147637414515,1.13181195683,0
0.424787837371,-0.880800079386,-1.68472895887,-0.499416761022,0
-1.48788498761,-1.19956298793,-1.42693768543,-0.932570229897,0
-1.43613997455,-1.15189334405,-1.01245715274,1.25056983254,0
-0.653906745923,-1.1775280484,-0.234538034909,-0.863355581342,0
-1.33504817813,-0.789695007057,-1.03560573138,0.141667164872,0
-0.292984982889,-0.883197018762,-0.0111356273407,1.34407437467,0
-0.9232281649,-0.918170776046,0.500016695857,-1.43179777807,0
0.161452375061,-0.989449647381,-0.628980707591,1.07007251207,0
0.892322672669,-0.970256738212,-0.621082697701,1.73457217492,0
0.146814455905,-1.17259177336,-1.09828943132,0.572613353041,0
-0.821643481445,-0.801241046939,-0.861215553399,-0.509595132946,0
-2.07721458306,-0.809293262761,1.09858164823,-0.127067162839,0
-0.954651675458,-0.759452806375,0.813452245114,0.473290594915,0
-0.065308874871,-1.03761973166,0.753865683562,-0.888188211086,0
-0.968000195912,-1.09978414007,-0.221574398204,0.424252618101,0
-1.80701541001,-1.10605267731,-0.849072872694,1.62950004323,0
-2.49096500237,-1.33436803972,-0.777228042155,-0.300003576938,0
-0.736594704692,-0.943367190892,-1.00655906479,-2.14330806524,0
-1.73875679638,-1.17089505076,1.79691852257,-0.204338936903,0
0.155671428253,-1.1758155847,-0.447914838416,-0.198715061671,0
-0.409536837769,-1.02385706526,1.4198639722,-0.965106608064,0
-0.977817435219,-1.05362289139,0.679567865765,-0.423788248549,0
-1.43281716569,-1.15004817648,-0.596670855538,0.56705821252,0
-0.786362259947,-1.15791511827,0.988240573743,-0.51390295028,0
-0.486703169363,-0.84739242602,-0.768849159675,-1.16909574732,0
-1.29746775375,-0.982484705869,1.10350376673,-0.575255994806,0
-1.41602442261,-1.40415189128,-1.84913072728,1.4099521384,0
-0.535252639685,-0.842896453047,-1.36985950195,0.779460531259,0
-1.28980655085,-0.899010215119,0.183428646668,0.287915432215,0
-0.743611623542,-0.723061984767,-0.584375275311,0.365591460225,0
-1.21537568249,-1.01901571698,-1.66777989288,0.58803774874,0
-0.692357242394,-0.902665178572,1.55701004153,0.884027197426,0
-0.325195530856,-0.765120932264,-2.01954008539,-0.984209002273,0
-1.22211495862,-0.887386938877,-0.187794921975,0.48693730494,0
-1.38981955344,-0.764164563786,-0.10665267366,-0.49321438711,0
0.345148634855,-1.34533915332,0.595300307692,1.16415176622,0
-1.62193873265,-1.05008944107,-0.232294007187,0.728929867385,0
-0.557930745953,-0.901603721855,-2.57905074519,-0.937509386109,0
-0.737264401238,-0.987699842518,-0.321258937058,-0.488566220755,0
0.391385338702,-1.00896340315,0.332798217404,1.0137505475,0
-2.08596026496,-1.16407008261,0.506669026028,-0.622225471755,0
0.325440724561,-0.911098382984,-1.5227680905,0.556964120579,0
-0.646796960799,-1.11483124281,-1.83817673967,0.653037283406,0
-0.77486066672,-1.03748925477,-0.18844908213,-1.17583498794,0
-1.6888807099,-1.0966725002,0.287257312467,-0.002876102659,0
0.242069081519,-0.923562949205,-0.0365972929162,-0.0842232965274,0
-1.16936049101,-0.694654992982,0.419524108426,0.924434021959,1
-0.361286374589,-0.807542001601,0.496615198484,1.01213318982,0
-0.839634174523,-0.895763562718,-0.0441397188478,1.61845932423,0
-0.76451544005,-0.647804928671,0.57110982213,-0.543694029683,0
-1.1744057067,-1.08996335818,-1.09389505673,0.205796803734,0
-1.01542656235,-0.940889387622,-1.30652152292,-0.973375967557,0
1.12063262116,-1.17700466306,0.239087080374,-0.607887446282,0
-1.69872215648,-1.33358128611,-0.933316240227,-0.0344750460884,0
-0.559965360215,-0.898694910589,0.0726778991038,-0.205834025219,0
-1.00611655332,-1.09240417154,-0.377546919059,0.854642728712,0
-2.23409807478,-0.55933668281,0.342427351287,-0.223426112195,0
-1.78750519799,-0.941336699982,2.46432193352,0.193831736928,0
-2.08140185916,-0.818012150662,1.13200513368,-0.560981003132,0
-1.54009006262,-1.02776089161,-1.36294094721,-0.791756515643,0
-1.7530524403,-0.767505561989,-0.268009783398,-0.49660820973,0
-2.17026597634,-1.073176125,1.33638618232,-0.120041122096,0
-0.493331799679,-0.906468777411,0.461468877441,-0.0464811560329,0
-0.617315480983,-1.45097581028,-0.433554332733,0.0379960134535,0
-1.87506482774,-0.932351203163,1.71405146977,-0.767948591737,0
-1.48201521336,-0.995143920053,0.76699045056,-1.02600725163,0
-1.21415496587,-0.914695403183,-0.459626442269,0.00358320595458,0
-2.05574451211,-0.703880955078,0.326375089727,1.48312862797,0
-0.43677080424,-1.00492825012,-0.0500826414645,-0.843615606536,0
-0.767018104173,-1.13632701361,0.650041973051,-0.364169808916,0
0.33410117976,-0.813718879518,0.238681570932,-0.116222439538,0
-1.01142584338,-1.12970391057,-1.94345685129,0.508299185594,0
-1.82857895556,-0.935011062336,0.583368006821,0.926604768309,0
-0.195997154965,-0.827145440652,1.80046276246,-1.19510377346,0
-0.998284350789,-0.927822499071,0.516507444282,0.409294996641,0
-0.763965624496,-1.00344485662,-0.419081992808,0.39710623645,0
-0.902591590101,-0.993118948367,0.499646955112,-1.21868382998,0
-0.211709086297,-0.902843750431,0.246222761276,-0.917984306005,0
-0.347687630661,-1.08294124254,-0.651856499931,-1.77474481519,0
-0.521908633893,-0.805724614674,-0.473360925502,-0.203570671473,0
-2.75932312211,-0.885706648952,0.549856867296,0.000899926671107,0
-1.60825070189,-0.83841402805,-1.5422881508,0.862148056884,0
-0.20525467841,-1.17854062332,-0.11858662355,0.48837059043,0
-0.214459498287,-1.18299107643,0.96593611846,1.42260474897,0
-0.951991010643,-0.503059067983,1.96122698937,-0.0722387586717,0
-1.00842811053,-0.669930813586,0.311124446094,-1.07836109082,0
-2.18073901282,-0.814739462937,1.06160017004,-1.18488744457,0
-0.852852294646,-1.20769312639,-1.80525168863,0.83038600534,0
0.100227889185,-0.92382416433,-0.521696524948,0.777607281342,0
-0.689805343867,-0.932150447329,0.408074649346,-1.63000265102,0
-1.05177711644,-0.929037331933,-2.71967936432,-1.09660174709,0
-1.39256223062,-1.08971826711,0.0164914869809,-1.22177633469,0
0.292926922662,-0.918774183556,-0.652761449349,-1.4589407306,0
-0.724439795023,-1.26945213173,0.169877959797,0.0908259270363,0
-0.45664686211,-0.903690133368,-0.481392624048,1.39706530131,0
-0.253998436319,-0.689880597984,1.49771502732,0.565267202536,0
-1.39680884465,-0.890844057031,-1.79977118147,-1.10469014721,0
-1.14197053215,-1.12429904454,0.407130331083,-0.628557580245,0
-1.45517835032,-1.15304011511,-0.487091431712,0.898967394588,0
-1.12457505293,-0.99105882656,0.510874821892,1.31415443381,0
-0.648753398585,-0.981113960869,-0.429209296646,1.37522542045,0
-0.0516569034354,-0.995385948895,-0.554131247084,1.49949149014,0
-0.267764842275,-1.08790110197,0.105834643617,-0.86050974711,0
-0.969523232084,-1.15948099488,-1.63121950765,-0.301472314862,0
-1.40170476657,-0.989954930932,-0.256232697995,0.857661910122,0
0.118273442043,-1.17461287586,-0.110590502808,-0.432431978578,0
-1.65724679556,-0.92951530859,1.07703747295,-0.22482656127,0
-0.969417041094,-0.682657687376,-0.576241816227,0.574608917293,0
0.26016267321,-0.637187026106,-0.489828218847,0.658802141692,0
0.306906090852,-1.07016575115,-0.596917111783,-0.22295918297,0
0.3639876107,-0.880633974212,0.152176975588,-0.374126320264,0
-1.45825802685,-1.28737262855,-0.0134514693574,0.81547196924,0
-0.936187635582,-1.10957899216,0.41060179132,0.480969850035,0
0.352987378127,-0.998775469294,-0.635430438619,0.852829768274,0
-0.337691307093,-0.977091152781,0.669562340509,1.00441919226,0
-2.076165888,-1.109267375,-0.726365832186,-0.172458596681,0
-1.96831294546,-1.2287325004,0.63353390246,-0.608815117417,0
0.00457667581581,-0.93596360491,-0.226122469764,1.92580573746,0
-1.43526598473,-1.12298562334,1.95176101227,1.23994054983,0
-0.930170371574,-0.671323451125,0.93858513625,-1.01925114951,0
-1.20882947454,-1.14287096807,0.512562231426,-0.359116595066,0
-0.322314319526,-0.997879718138,-1.05857189761,-0.509005838591,0
-1.34720113447,-0.71170335299,0.115665074046,-0.547355574299,0
-0.75323840228,-0.953843464549,-0.550799425707,0.792041498423,0
-1.88792247445,-1.28256989898,0.144106485123,0.233458079662,0
-1.18651154229,-1.06064288629,0.111872396896,-0.675703143372,0
-2.6669302071,-1.20513058837,-1.37057191796,0.31056471042,0
-1.64694352825,-1.14336881635,-0.507036632125,-2.01078226859,0
-0.68139036494,-0.622081732261,-0.392567257965,-1.09221794134,0
-1.04866272122,-0.97323022099,0.698650234308,0.52162522724,0
0.986269748897,-1.27267099243,0.496893144838,-0.665041618159,0
-1.10088618255,-0.888256733722,0.731551581862,0.319649783134,0
0.217198367915,-0.970945622454,-0.40985453844,-0.453337432139,0
-1.39260162282,-1.14424602884,0.892708152874,-0.473604056964,0
-1.05657593689,-0.814954375465,0.303656473526,1.03395698681,0
-1.16767804399,-1.14617855188,1.90934262556,1.66387312444,0
-1.22139458722,-1.13964608265,0.900822764209,-1.50591135157,0
-0.00136499192221,-0.973870036798,-0.689048429418,-0.548087187473,0
-1.13707177049,-0.977268263374,1.65314983257,-0.699317940972,0
-1.08293535606,-1.160442698,0.386166377098,0.100867063257,0
-0.325602713715,-1.11834319946,-0.935127209438,0.381824009619,0
-0.756679978475,-0.864776749722,0.398296086197,-1.25577488174,0
-1.44101238148,-0.780766668031,1.22287744705,-2.08651002886,0
-1.31361393483,-1.07185438448,-0.59075715291,0.971970293866,0
-2.67111987644,-0.983182473541,-1.19325783347,0.350265919562,0
0.840123641239,-1.00055354331,-1.29636038828,-0.0930241444442,0
-0.999502984596,-1.03744197131,-2.31377311317,-0.842571701713,0
-0.120329352313,-0.945183616423,-1.54292144715,-0.401763742127,0
-1.05650135168,-0.914823504576,-0.415231395822,-0.673664171309,0
-2.8142164544,-0.818263273948,0.797913196567,-0.886879603871,0
-0.17954621011,-0.859163745704,0.634386673189,1.62927576996,0
-0.744163769787,-0.582633757358,0.139064150305,-0.857670204575,0
-0.170723501962,-0.661345815042,-1.24933851486,-0.709785100119,0
-0.381982763319,-0.97799428843,0.70464272075,0.155590734969,0
-2.13504481743,-1.27182863494,0.936795216254,0.770330879327,0
-0.562286984025,-1.26873520693,0.140810651878,0.473488261666,0
-1.61814015658,-1.18213376306,1.85524620942,1.41565622617,0
-1.97034672013,-1.09811788552,-0.302746016904,0.989679441936,0
-0.482481832815,-0.854295020075,0.585850805818,1.13638807754,0
0.935578089984,-1.25512648042,0.671616572036,-0.974167435043,0
-1.74002734881,-1.24849897053,-1.61968456537,0.572627017205,0
-1.16587727276,-0.983434067771,1.90261819837,-0.77566410794,0
-0.517386626545,-0.829865037312,-0.18808973805,-1.0357477262,0
-2.24890563153,-1.14645435887,1.17782950471,-2.30516685504,0
-1.47783341562,-1.48320604521,-2.26366030104,0.37501991982,0
-0.460920401629,-0.902309231688,-0.0823436467914,-0.479623015074,0
-0.735653724195,-0.821590860693,-0.301094786523,0.536987914456,0
-1.27862609963,1.3017943736,-0.41380398905,-1.09692497173,1
-1.67884128705,1.87819369497,-0.927362928073,0.888338861997,1
-0.210446399931,0.787635866924,-0.524741954962,-1.38527758377,1
1.69039718438,-0.114943342888,0.102178326944,0.50499472178,1
-1.18958963451,-0.0501203881414,1.32896074755,0.217903387122,1
-2.92682747703,1.55954041082,-0.65971124721,0.474007867277,1
1.79941325618,0.159574253336,0.72717487002,-0.0389053066638,1
-0.621806816431,0.46778073259,-0.0445993927256,0.260132904939,1
-2.3204895612,1.28330350067,-0.0698564982562,0.250113906883,1
-2.75636013091,1.04627101174,-1.02191332443,-1.15043776982,1
-0.0203513667076,0.918339409169,-0.836111379501,0.642210943329,1
1.13473842062,-0.221109983685,0.258797567341,1.04023896425,1
-0.416447530823,1.27815198487,-0.186690922115,-1.14364139584,1
-2.99302059574,1.58811758692,1.14455353528,-0.0187670555399,1
0.153641577637,-0.934083792822,1.28345503627,0.597946491392,1
0.454164482091,-0.786220999982,2.18861867882,-0.219772985713,1
-2.04456181926,1.94829108765,0.900723905089,0.891364106353,1
0.544952582381,0.0613521298248,-0.555126345494,-0.172482317107,1
-0.629307791697,0.814376879848,-1.46173834222,-1.548796137,1
-0.740093867988,0.852892419608,0.126568801531,0.793007070697,1
-0.113063234458,1.28800885196,0.638024033495,0.34002459826,1
-2.13530487189,0.65858568217,0.863017153151,-0.589697795699,1
-0.300886208113,0.744814411716,-0.272532748488,0.737521513414,1
0.373188860806,2.09796345303,0.433118729449,-0.210188813797,1
-1.39891224159,1.98448985077,1.32079438613,-1.29200125105,1
-1.21659835453,1.11809529968,-0.518678687289,-0.283397774456,1
-1.52550415513,1.76159978649,0.816534879774,0.00238519791524,1
-1.59056018273,0.340884702734,-1.26149174679,0.514004179816,1
0.888635488733,-0.844976718026,1.08754631547,0.739304533133,1
0.754333088185,0.0258821830157,0.619154921605,-1.87431349674,1
-2.58278500089,2.57231019636,-0.899886476743,0.482080608672,1
0.403899170667,1.33130663238,-0.0548881847544,0.522557601999,1
-0.584348382181,0.411916129319,-1.26634267696,-0.0614947642849,1
-1.82665844354,1.21447657323,-1.3897810189,-1.95367856262,1
-1.46877676853,0.953703162748,0.295779088507,0.842588796457,1
0.2374938002,1.53782628245,0.245616427902,-0.0329964802647,1
-1.70276206773,0.951587322243,-1.56201434183,1.0061070671,1
-1.15682201796,1.49643388706,-0.0440448973759,1.95956200521,1
0.629640435873,0.484509220387,0.942314308277,-2.00512542665,1
-1.8872486094,0.783839759415,0.755049680256,-1.39653523757,1
1.15219226845,-0.455086211794,-0.759495490429,-0.25075667676,1
-0.768737104365,0.0325208505425,-0.0940624503626,0.397565215617,1
-0.140583595812,0.615253583107,-1.0228550408,-1.15069200426,1
-1.21535601643,0.786071022067,0.600605201733,-0.013250267934,1
1.98578690271,1.00059917548,0.174373048702,-2.19368335169,1
-1.82286113567,1.3793521942,-0.177137383315,-0.890729183061,1
0.126989072772,0.937928599332,-0.920626373017,0.921934804225,1
-1.61600127112,1.23606581543,-1.09567122897,-1.09289660633,1
-0.43104446077,0.65540355966,-0.331010603402,0.450288830647,1
-0.0934283004975,0.292888481895,-0.884014729748,1.23414403578,1
-0.115444595611,-0.250584228024,1.44984752536,-0.881447066468,1
-0.447119602059,0.239886011037,-0.245081755577,-0.778675472658,1
0.650833114806,-0.0366158462043,-1.68538210487,0.303011050456,1
0.544386516996,1.08095572723,0.733594868229,2.01186426313,1
-0.760603538308,1.12790703024,-0.897409503631,1.33623509081,1
1.54707004257,-0.227088207652,1.34235369126,0.197853309567,1
-2.27274999369,1.38160288471,0.602163489576,0.873273048301,1
-1.24832672118,0.856450466565,1.97409994824,0.477808562616,1
-1.46935806661,1.14132774685,-0.0601378855037,-0.866168799007,1
-0.716410803749,2.15407657235,0.305320755012,1.02416493277,1
-1.21073514567,1.56575191596,0.244610361329,-0.779923248925,1
-0.554294446983,0.855594407378,0.0890762024966,-0.12915348246,1
0.37704473592,0.830932713087,0.264738757756,-1.66184836722,1
-2.61210836335,0.974801873394,0.550788614103,0.595423156764,0
-0.953520966325,0.956382298847,0.444853438187,-0.00376281714502,1
-0.342822310935,0.476052966625,-1.8059362626,-0.0193227919713,1
-1.05146629079,1.40063855752,1.06071499934,-0.860128876292,1
-0.987440267157,0.605675830574,-1.98926946616,-1.54055797187,1
-0.480992292971,0.258989027105,0.314025691821,0.372876008852,1
-2.85323931181,1.50263477924,0.886293194621,-0.0552589957297,1
-2.1255562614,0.791949515096,-1.50032837598,-0.818504140594,1
-0.961149941576,1.90657770215,0.818839372599,0.140495907439,1
0.249380591711,0.081270107923,0.64982963468,0.434788805461,1
-1.76638109745,1.80935306862,-0.20496055173,-0.174006837508,1
-1.87588050695,0.37559989992,1.85710226976,0.414674266609,1
0.802203044039,1.45712664617,-0.128587550316,0.455419990937,1
-1.71147330341,1.19491252745,0.222905819624,-2.15735637349,1
-1.5760167719,1.13062137525,0.650084514372,1.82093927409,1
0.209574674002,1.08020234056,-0.78027986839,1.45403574884,1
0.127586309184,0.806166714504,-0.256869697332,0.29347139765,1
0.858996237586,0.399984566604,1.07036001697,-0.720001431291,1
-1.45067170457,1.34287678763,1.24249391282,-1.21421728136,1
-0.0695807360919,0.715974850835,-0.875154748914,-0.593520317348,1
-1.926821359,0.873162109909,0.662005366452,-0.340874410569,1
0.285925821376,-0.600252772002,-1.51997445959,-0.21653287185,1
1.09154086114,0.764214600054,-0.784221382534,0.73129362084,1
1.36888413827,-0.424886591377,-0.343235054455,0.0707740759007,1
-1.52145624256,1.13156651696,-0.405472457141,0.43393896823,1
-1.13403741138,0.165717432755,-0.183590763471,0.325198714687,1
-2.49457953665,2.06939945107,-2.59338856474,0.0972508769778,1
-1.50843695952,0.425858170835,0.41391367011,-0.199280054915,1
-2.36926439005,1.5015784315,0.669392471393,0.738607028993,1
2.01331776828,0.773458390324,1.30421389185,0.104811608072,1
-1.29533709856,2.81216229081,-1.91380070467,-2.28549944879,1
-3.05742884805,0.732588417472,-1.60184095207,-0.0379070611841,1
-2.09840955662,1.1621878359,-0.157305288281,0.27623985202,1
1.76931102013,0.00769850629539,-0.625245922557,-0.736491171506,1
-1.52626727106,0.47500367052,0.55504794241,0.655924411373,1
-0.024438575722,0.810039417174,-0.25665013548,-0.038476658239,1
-2.10775066837,1.04546557243,0.404314343329,0.504343575163,1
1.22600192925,-0.00457184633644,-1.1439806996,-0.719573855918,1
-1.32326521977,0.275080359724,-1.23054604565,-0.506906614837,1
-3.05778684624,0.968530695007,0.812333589342,0.546271866944,1
-1.72438953431,1.73351313809,-1.09809796036,0.512266726826,1
-2.20548766231,1.96487992488,0.0858431053425,-0.493926707086,1
-1.02742501057,0.382083652293,-1.4064596551,-0.174823371618,1
-0.184008660344,0.486413655511,0.679944006116,-2.1630976484,1
-1.98196139394,2.04522888469,-0.396123197751,2.2542836988,1
0.0545520073929,0.420649339202,0.672636718568,0.259832495003,1
-1.3397681923,1.85210230871,-0.737185169571,-0.678329837874,1
-0.240854988075,0.749765918843,-0.0832883957,1.60286362938,1
-0.81050763538,1.18215895102,0.465589190895,-0.872158397771,1
1.0691561922,-0.159409793965,1.17678696238,-0.292594207158,1
-1.33733867156,0.147776521941,1.69734648101,-0.566603024638,1
-2.16995663649,1.57441430548,-1.0032657569,0.174629577814,1
0.122404333127,0.688138642355,0.9823269838,1.03744479673,0
0.331032435018,0.710208566834,0.159191766669,-0.988096687969,1
-1.0461275303,3.17253268571,-0.505340721898,-2.01828186835,1
-0.329146270117,1.5688986128,-0.913121537569,-0.178456814897,1
-0.0500616696999,1.01806571694,0.389002140653,-0.339454321465,1
0.948798327945,0.196726089715,-0.0569790549777,-0.39618544475,1
-2.29867039282,2.38143441993,0.75102530419,-0.899112938427,1
-0.869584595834,0.347198194847,0.837547914146,1.96088081251,1
-1.63931871645,0.935624124979,0.472789656022,-0.527091610224,1
0.205017552655,-0.452598275752,-0.536270144087,1.20983722218,1
-0.167020222736,1.76950967736,-1.12658942587,-0.953804420273,1
-2.84780340111,1.178724342,-1.16444845387,-1.27851384052,1
-1.70782543647,0.905775472395,-1.04481631938,0.789904941785,1
-0.92074906911,1.59390889621,1.10228256459,-0.69707307236,1
0.34110617572,1.18865625808,0.207334046046,0.759156675108,1
-0.868897281145,0.621467158833,0.100564203097,-0.954942757617,1
-1.60467144459,1.56119813174,-1.47040173514,1.01042755313,1
-0.614102022701,1.67220944355,0.496179412288,0.576955893399,1
-0.934886698382,0.918784785282,-1.1076469009,0.234977192889,1
-2.30382199731,2.4633488207,0.628999587457,0.314033843647,1
-0.616306496282,0.608856247773,-0.745023216808,1.01226051007,1
-0.427745044847,0.264135576959,-1.52763194818,0.928741924807,1
0.864137196461,0.895658103827,1.08105594409,1.57233031754,1
-0.674489856064,0.986278733883,-0.34249219025,-0.999430016562,1
0.375206000505,-0.265759141765,0.793880362308,-0.699215279087,1
-2.65783097221,2.10854015747,0.043995511444,-0.31746221716,1
-0.317886571096,1.61198161325,-0.902071971413,0.320999466185,1
-1.51465569119,1.35681817216,-1.39201591656,0.592205681644,1
-1.79697254464,1.36988245691,-0.966931088457,-1.73173134647,1
0.132798385172,-0.0558166968157,-0.0501074587903,0.431633852811,1
-0.344968603357,0.414260287321,0.576934597053,0.818353730827,1
-1.42647314695,0.168405057046,-2.35364039969,-1.00514443096,1
0.480422194387,0.420853769139,0.106652294503,1.51900327994,1
-0.11627284552,1.16651007883,0.783744493675,1.90134005185,1
0.0697523891735,0.752468332283,-0.524939422914,0.274416995282,1
-2.82656815861,2.02098225691,-1.09997080757,-0.404352219624,1
-0.610829365725,0.994561908841,-0.735295718283,-0.633988659317,1
-2.11383446956,1.69270007397,-0.393449121186,0.00271753989068,1
-1.37867372154,1.39087916884,0.0222126645165,0.543453439583,1
0.459932938598,-0.304700952112,0.139988467387,-0.34404562885,1
-1.13587222396,0.520011437546,-0.522578541532,-0.307131720159,1
-1.23937385789,1.85495293986,-0.449037141447,0.490971055182,1
-2.89887171426,1.19046889481,0.865525190671,1.27404453795,0
-1.93544633047,0.310281665214,-0.79770275994,0.469372225339,1
-0.332600135639,0.333078631302,-1.39467964159,0.373174718253,1
-1.0010888563,0.990154807629,1.08267228209,-0.149589501667,1
0.193558101542,0.406489240166,1.07263604726,-1.13856787032,1
-0.748075393957,0.446599750858,-0.888645283092,-0.135809842644,1
-3.21675643381,1.03331558684,1.02221035459,-0.417429456342,1
-1.65877575495,2.12001511605,-0.453553100909,-0.991628358378,1
-2.13575765654,1.15292257449,0.202881044443,1.24669514089,1
-0.963649472313,1.03086158338,0.700680109094,0.696650654336,1
-1.80159326038,0.952946229914,-0.206974474924,-0.563309359264,1
-0.0305322389369,0.371479538663,0.677245916416,-0.0319110756341,1
-1.65227857741,1.33537900987,-0.173608235719,0.898240622404,1
-0.869137374613,1.22396669306,-0.197787451673,-0.837776259385,1
-3.65417760751,1.54342433703,0.909188495331,0.0807198904339,1
-1.15844807829,1.33624646974,-1.03702934385,-1.11290589487,1
-1.13697654845,1.64336064711,0.0954118758269,2.33740966148,1
-0.424205180787,0.412297254611,-0.392820603546,-0.336273859086,1
2.09396931886,-0.897252403232,1.52377119762,-0.0572811997905,1
0.466582977299,0.864921282749,-1.44846686325,-1.57279645255,1
0.215443873605,0.238971385989,1.22666397379,0.66635454225,1
0.680721586243,-0.239875977676,0.826125708431,-0.0577565583787,1
-0.590624434852,0.5801878679,-0.726712025983,-0.217163115724,1
-2.08189399094,1.88235859982,0.136031217374,-0.838311155699,1
-1.10413725676,1.00641213061,0.561449909551,-1.2595961688,1
-0.292389383807,1.27955342129,-0.332758764575,-0.204007872477,1
-1.17800785168,0.879466034329,-0.691019813175,-2.20550535502,1
-0.653208663867,-0.155635003858,0.447869664111,-0.75575076044,1
-1.31873330553,1.90648232321,1.32570795932,-0.341982277684,1
-0.0358193987845,0.900227064882,-0.541359588431,0.0915219467789,1
-0.634015756169,1.65195484554,1.05343974863,-0.563407663118,1
-0.0679154945682,0.912990681196,1.01473769483,1.44030364102,1
0.531212629883,1.22023954699,0.990322810656,1.62643149099,1
-1.22435545413,2.13105919702,1.29264602101,1.51488229389,1
-0.862062525328,1.06807154491,1.60432631942,0.20806952963,1
0.392535231947,0.495233811255,-0.429223899572,-2.26224363524,1
-1.29448142045,1.7828306916,-1.32273311952,-0.448282799159,1
-0.51630980782,1.29202325552,-0.381735087241,-0.152794463402,1
-0.891952165098,0.44799304188,-1.00076049025,-1.59577761144,1
-1.59664382826,1.74291478825,-0.130223166467,-0.189417928812,1
-1.60420272906,-0.309437689888,-0.80755404155,-0.74215216165,1
1.0416249698,0.487399889112,-0.940156591872,-0.396523739016,1
-2.73806956868,3.06306708653,-0.856302826995,1.25987533152,1
0.777637226735,-0.0706944555135,0.240996732045,-0.972317918027,1
-1.46315784125,1.26736270472,-0.280447781467,-1.18028560635,1
-1.9104427675,0.152670119691,1.01216829517,1.38418672458,1
0.458751713792,0.712608649081,1.25200198275,-1.14469263124,1
-2.93936861033,1.6151652944,-0.0912670197262,-0.401570675513,1
0.887236424379,0.503735436332,0.562013105914,-1.00790980328,1
-0.036847741345,2.00923520127,-0.675891694001,-0.413217028352,1
-0.858643346703,-0.0535172150651,0.153288469132,0.694128708138,1
-0.724073009288,0.983406382687,-0.328727692737,0.663965075526,1
-1.15063121852,1.29039991702,0.822076356797,-0.213215236872,1
-1.0709855286,-0.14074521568,-1.24565813287,-1.17119033543,1
-2.24841786908,2.01222187129,0.591726975152,-0.476224436315,1
-3.08663340756,0.799790743047,-1.71262932268,0.612952368183,1
-0.549616316111,0.810630223731,0.129554520546,-1.40596708114,1
-2.58325011394,1.13609060194,1.1794199812,0.836635987158,1
-2.05781018628,2.26761874931,0.13874525129,-1.27431936773,1
-0.0410074110434,1.37900223771,-1.40233053289,-0.307068486841,1
-0.0120692344732,0.841349625808,-1.71391538955,0.405080273184,1
-1.66168057876,0.0459648622447,-1.41082331338,0.164912729255,1
0.104746666642,0.435878793133,-0.288131452727,0.711785268097,1
-2.43231592942,1.1546123311,-0.937947595261,0.273729449525,1
-3.80601981654,1.09741905649,-1.39484019283,0.795549551769,1
-1.166504139,0.915764742811,-0.114961766277,0.495850668965,1
-2.47979135934,1.07045546078,-1.32052534683,0.499084275672,1
-1.30718092516,1.4070990765,0.306203396304,0.363697892713,1
-0.450159648381,0.23681590855,0.312633963014,-0.19346388279,1
-1.77041360182,2.13367128877,1.24129922032,-0.155897985766,1
-1.64223860369,1.38755917941,-0.739169200391,-0.0587261933689,1
-0.991122593352,1.75410172351,-0.950517945445,-0.463996423331,1
-1.77137883216,2.9579661737,-0.177246616189,-0.379554120646,1
-1.52728223588,0.620661493446,0.199397072805,1.94576139131,1
-1.96660925068,1.14780485702,0.570949839846,1.07230064729,1
-0.534393885246,0.620802403982,-0.503709437368,-0.587016288505,1
-2.38502236602,0.851650130333,-0.378178046893,0.852889097269,1
-2.25488960059,1.45805209382,-2.14811847823,-1.03316477529,1
-1.31849460012,0.38965025573,0.102335846834,-0.224092367063,1
-2.39923013494,1.03608288901,1.96772968214,0.447683215743,1
-2.35530309113,2.60087282955,-0.66219144353,-1.57760706854,1
0.0848118691553,0.770209399207,-0.340560034938,-1.30322008268,1
-0.549445519396,0.926512301399,0.466750650418,0.161106322242,1
-1.16321662311,1.2947874374,0.320031932093,2.0791766648,1
-1.64131573034,0.611015460509,-0.90746598142,-0.192404207796,1
-0.623236438379,0.225324111285,-1.21251574449,-0.0805985161501,1
-1.30742288342,0.610679030178,1.59327361595,0.56872239912,1
-1.85145783035,2.11034005886,-0.114487045589,0.25163024882,1
-1.5123241505,1.32580730188,-1.21085563794,-0.393733711694,1
-0.566355531176,0.35260493056,0.0852525745704,0.0994219867085,1
-1.59494792161,1.18383704763,-1.5306162444,0.327623179235,1
-0.922554102525,0.835866449807,0.279196492514,-0.377051206273,1
0.23924517773,0.141439679258,0.0041749990825,-1.48349155337,1
1.26722954207,-1.00011634189,-1.47979561532,0.134687262338,0
1.24129714217,-0.66347960085,-0.667723190916,-0.0115555202243,0
1.01617233453,-1.07080721817,0.839490672318,-0.173929930305,0
-0.264937799914,-2.15480258003,-2.81066805483,-0.150653638021,0
1.1569325427,-0.863201379019,-0.481044021994,-0.234694354323,0
2.38103124659,0.410076723276,0.899730812572,-1.57853018594,0
1.81793392082,-0.439465423954,0.243956623908,1.57030391191,0
0.825358466322,-0.844349038391,-0.625943114968,0.472327886186,0
-0.0495123673193,-1.87640163385,0.966305778971,0.210231439102,0
0.962622035828,-1.1065912743,-0.685096980331,-0.709521010708,0
0.960604985485,-1.39972130984,0.743800153766,0.592149090782,0
0.556751063755,-1.1836067742,-0.786468415071,-1.17647315436,0
-0.187001561019,-2.52244016642,-1.28080671415,1.66165186118,0
0.834371373828,-0.744656428027,-0.0679451203905,2.36022858565,0
0.22430923802,-1.99428940436,0.555545603071,0.439522322834,0
1.40271693661,-0.42055906515,0.306272488305,0.999149850197,0
0.704176104895,-1.1486434704,-0.966063185044,2.16001310837,0
1.2800735745,-1.06250940253,-0.100301702612,-0.703400092193,0
1.01107047003,-1.35045464649,0.302561002288,1.09233887603,0
-0.181499678181,-2.04130850575,-1.00755487578,0.566869372441,0
0.452632029685,-2.02240448159,-0.716444157586,-0.506273533174,0
1.37105505747,-0.940503712911,-0.489482418755,0.763541466486,0
0.620294816321,-1.80953299724,-1.10907273179,0.192616110035,0
0.472284983113,-1.55822602382,-0.343417864083,-0.847210177959,0
0.500866549046,-1.39001442799,-1.21352360275,-1.20288832452,0
0.802756534084,-0.887169186701,-1.63379601765,0.896167193749,0
1.66272801672,-0.441334535517,-0.241653162631,0.158651930066,0
-0.257885467956,-3.10734152952,1.17818936448,-1.22011715693,0
2.29874004214,0.474528997191,-0.941545675316,0.254715536694,0
0.754511192166,-1.0763529496,-1.82407955208,-0.578708512997,0
0.205366762646,-1.67815178856,-0.9248930731,0.32952244217,0
0.854036289446,-1.19154720999,-0.425815866364,2.00814927938,0
1.17415716071,-0.903949027924,0.937891372069,-0.853238484275,0
0.980211728545,-1.03956411714,-0.387313437457,-0.347584512915,0
1.11338267231,-1.01768516597,3.30657434911,-1.51019964398,0
0.632400614643,-0.902710614785,0.203539700405,-2.08443213536,0
0.213216276107,-1.57333619781,-0.00693744120592,1.90989056191,0
1.49520952333,-0.656885339478,-0.408455431674,1.10455442147,0
0.143552069922,-1.86963717221,-0.0661152259532,-0.422498716825,0
1.55680712708,-0.265069064725,-0.251656358946,-0.58690264518,0
0.993046815009,-0.859118672428,-0.62605827189,-1.33019441232,0
0.182508609587,-1.83642116024,1.50680072895,-0.393076395793,0
0.718590902803,-1.06697055205,0.293774310766,-0.87653185144,0
0.962643467169,-0.648395955895,1.11699055942,-0.273555777908,0
0.737693806025,-1.44535006751,-0.0910326678578,-1.8289766353,0
1.24738676887,-0.492492002701,0.39597621114,1.81150570482,0
1.28940771322,-0.184020314711,-0.869077586,-0.458229153702,0
0.0231386644981,-2.52256048482,-1.13832395822,0.12916217424,0
0.647762975885,-1.5331868932,0.0640241979068,0.705081101494,0
1.2265881582,-0.955216398585,0.551473546801,-0.812516046186,0
1.45809932584,-0.250824464415,0.224948049064,-0.328301106722,0
-0.131462576836,-2.43178701743,-1.09103297738,-0.126855872963,1
1.06924757515,-0.741274213312,3.80166021497,2.31517063401,0
1.18213694029,-0.960053159818,0.139826597768,1.73885720801,0
0.737789352122,-1.66012834292,-0.0453833641463,-0.0531383394415,0
1.74151647494,-0.41589551325,-1.94957178763,-0.960105565944,0
-0.152256010884,-2.12896046992,-0.783499263986,0.107519031665,0
0.91685311449,-1.9830269944,0.0139845348593,-0.578942351392,0
1.28696454599,-0.721438004517,-0.588813199534,-0.166153135608,0
0.331961599477,-1.98817647748,-1.38141165068,-0.612638560369,0
1.31254164925,-1.02931407814,-0.381289869808,-1.24894893307,0
1.09506831881,-0.558426343382,-0.330237893265,-0.834807163535,0
0.86482272192,-1.43792451545,1.23538239201,-0.243803797139,0
0.526946905051,-1.69464721617,-0.189545668257,0.428028107021,0
-0.0101253563473,-1.65965567945,0.556968316841,-1.7362418043,0
1.52019955261,-0.188728349013,-0.376784109108,-0.909032326252,0
0.946471695663,-1.34082494888,-0.145170244193,-0.536332521199,0
0.900945031696,-1.02830457462,0.157069462858,-0.980459245562,0
0.950878278524,-1.11629043349,-0.56776724152,-0.591159668922,0
0.478316560611,-1.90655349643,1.08259137047,0.368003659281,0
0.915444709689,-0.524581376469,0.368888707586,-0.28631828081,0
-0.318832413593,-2.55178124989,-0.384717852094,0.561002888498,0
0.518450266117,-1.64306689696,0.777433933794,0.0151467856288,0
0.996956325524,-0.940481403204,1.14164794548,1.27415502752,0
0.364585969074,-1.92597052318,-1.66469803939,0.430378884783,0
0.145351280537,-1.63503952882,-0.042601928491,0.388288813968,0
1.21245530857,-0.914393954263,1.11597652803,-0.920538163091,0
1.69056957275,-0.564166514317,-1.62027410242,1.10619147285,0
1.14596410346,-0.909562760096,-0.99848464493,-0.686219513921,0
-0.589767186512,-2.80419484088,0.20462089342,-0.686101821161,0
2.00587616572,-0.0723060190859,-1.59221062832,0.0341897674157,0
0.981990004264,-1.35456187591,-0.781484658962,0.59785987787,0
0.827117491304,-1.43415222267,-0.506076556079,-0.688446138721,0
0.511858610524,-1.96384297803,-0.21000053911,1.05215347684,0
0.986946985735,-1.09724021053,0.907904081638,-1.09322618246,0
0.260142579513,-1.63048749887,2.79970764909,-0.325776324585,0
0.594091872219,-1.58803713305,-1.15241572896,0.888231990049,0
0.172516979331,-2.29011671895,-0.361672457354,2.15371950784,0
0.95873708871,-1.18453794781,0.847408355482,-0.198719846309,0
1.83258195148,-0.141717572643,1.57530687773,0.84911521147,0
0.171268354311,-2.32134366151,-1.22889519693,0.888394109572,0
0.927849370567,-0.945205515997,-0.516487441948,-0.0833262852467,0
1.71393369974,0.229788320997,0.131054449217,-0.879096012266,0
1.49067523084,-0.719850950618,-1.33334227889,0.36778401092,0
0.350156606969,-1.84172196968,-1.38823349867,-2.57520262677,0
1.7572143922,-0.325792509119,-0.836105604371,0.331092421488,0
0.785165419022,-1.09950835268,-0.26988113357,1.26713094062,0
0.989374794754,-1.51517985932,0.183753495432,-0.766309651947,0
0.654836379707,-1.2682152667,-0.439583550479,-1.43654135927,0
2.20109858086,0.642215681624,1.08579722471,-1.38110008608,0
0.271796722978,-1.22498018605,-0.920407632119,-0.160286220429,0
0.685391540656,-1.81540152588,0.00235326449082,-1.50265036351,0
0.801087105029,-0.735815278452,-0.905535795219,0.265040602239,0
0.126552971794,-1.97859975923,1.129723359,0.34900356209,0
0.791810028017,-1.62968776456,-0.0258097615909,-1.56240873387,0
0.998670008176,-1.19642741119,-0.617342346552,0.521494241311,0
1.41740175256,-0.753650334041,1.08094666985,0.889375908155,0
1.24432504019,-0.649618230606,0.138071644446,1.20460046665,0
0.995797153235,-1.27703006884,2.88146071316,-0.593861915383,0
1.23050625145,-0.390255511697,-0.763115795345,1.51848292578,0
0.659520720834,-1.34989160352,0.235464525385,0.112307688427,0
0.0126283597967,-2.39398061091,0.392374327659,-0.654486505185,0
1.50663821982,-0.557275956799,-1.03479528475,-0.777147509548,0
0.775200235865,-1.29060229281,1.24594625683,-1.43664066468,0
1.4969165956,-0.348211613319,0.498654645649,-0.557687460026,0
0.824522347601,-1.51130175167,-0.353366888715,0.742950976608,0
2.32101597227,0.283728282749,0.843988913358,0.342976537867,0
0.724465095881,-0.681824298478,-1.87311966237,1.57096470868,0
0.714576288215,-1.56595448067,1.3101965172,0.0914368331911,0
0.612991235127,-1.09293937495,0.0102578169594,1.80144920862,0
0.0671054191265,-2.55162476527,0.947224271294,-0.0292944035749,0
0.950421544488,-1.23209071144,-0.292338675851,-0.193537111011,0
1.11936378227,-1.06796345297,1.1772320544,1.03999178471,0
0.47160576044,-1.6668587544,-1.6134230115,0.464642398866,0
0.137252195092,-1.54709527921,0.864121331378,-1.50646316597,0
1.48991185546,-0.344844320997,-0.00296475143832,-1.77704360638,0
0.890059326688,-1.46383305158,0.129492835941,-2.08323450191,0
0.429636527689,-1.30782687304,-0.681745523708,-0.611065914495,0
2.84977252782,1.41219306183,-0.708849820143,1.45152801697,0
0.999147347462,-0.786057430375,0.535510569739,-0.399568860323,0
0.145443662738,-1.69502118648,-0.933077840894,-0.238776316845,0
2.29929152217,0.111260417052,-1.0291129683,0.97308000415,0
0.986310570256,-1.19442041283,1.99676600155,1.05319989808,0
2.95507397668,1.05677996266,0.331690345545,-0.165628783293,0
2.70392496689,0.808439818816,-0.405106289461,1.74528457269,0
2.70855677108,1.0640581671,-0.575935607522,1.5610985569,0
-0.164748483832,-2.471264491,-1.13153924202,-0.296231654398,0
1.12882202462,-1.05634819618,-1.71405659272,0.159234201228,0
0.527804067411,-1.06119391771,-1.26372762188,1.66504940679,0
1.87454069134,0.142129502383,0.412272271661,0.537396746877,0
0.716313112668,-1.18382115433,0.282678449165,-1.09254081439,0
0.872114849793,-1.44892190808,0.124118287734,1.83708068787,0
0.64342108683,-0.994887663733,0.00855492600631,-1.01701620162,0
0.469505516893,-1.59227542532,-1.8523426567,-0.713326990392,0
1.85210417725,-0.390881825148,-1.76222889754,0.830517369043,1
0.29420547492,-1.71739590759,0.781167266182,-0.875681827221,0
0.390026203153,-1.5204067107,0.613981308469,-0.576454652957,0
-0.0114420369058,-2.3517033189,-0.0456142827749,0.371955551565,0
1.08543834795,-1.01078754704,-0.443960009039,0.418203348653,0
-0.180391250099,-1.95183566507,-1.68572805047,0.117474987988,0
1.36605886451,-0.196041165715,-0.0349520223877,-2.04639313625,0
0.7842352693,-1.27971782469,-1.80969019273,-1.85952360563,0
0.646694467436,-0.918958413914,0.414306833924,0.123959626872,0
0.906974063511,-0.924201780276,0.273957577174,-1.32637849251,0
0.593924230498,-1.49426391233,1.13897381067,0.982841219817,0
0.402900084983,-1.67164469435,-0.766963035023,1.17606027645,0
0.912641744555,-0.972935246736,-0.250922396781,-1.77620502401,0
1.69175972212,-0.191245958208,-1.63269476615,0.733723487855,0
1.05422209148,-0.662641598431,-0.104048810669,0.881224946454,0
0.294998290647,-1.50722619126,-0.0883731247324,0.267670893361,0
0.736131162478,-1.08147558045,2.12352642298,1.39684908763,0
1.13312426966,-0.757833172218,-0.43282726861,0.374968724703,0
1.21952113672,-0.542453518241,0.494445443062,0.761391167496,0
0.421826550171,-1.91441311446,0.071008805188,-0.493531850495,0
0.70353218885,-1.64158424274,-0.0036228172365,-0.480287109478,0
0.2269975125,-1.86728565533,1.68336728124,1.24072623884,0
1.03084453139,-1.01484889097,-0.203615018879,0.428292260694,0
0.796706175926,-0.930833172793,-0.165459264236,1.19324113597,0
2.49104460852,0.671810090894,1.04888051642,0.568610832711,0
2.182942093,0.24990500433,0.871264269615,0.660570808042,0
0.711693620286,-1.04806312352,1.17406185381,0.531131373329,0
0.37362500655,-1.70102798576,0.151900529115,-0.577225623599,0
0.566286463467,-1.53544917975,-1.57175073749,-0.0278483805067,0
0.243510053671,-1.74780748079,-0.741055533404,0.0600090669571,0
0.919019471544,-1.36408707429,1.14048842419,0.17282467544,0
2.89633675916,0.770904189526,-0.41500167111,-0.853128624862,0
2.06765380264,-0.38823478721,-1.43013520742,1.33280533536,0
0.203709208252,-2.18577615941,-1.77669101893,-0.934783026231,0
0.948496071028,-0.888857717166,-2.3132019337,-0.31614157575,0
1.39302493587,-0.0359173769522,-0.342284559761,-0.404294420629,0
1.75998511054,-0.514377565685,-0.0631298999764,-0.821265074418,0
1.83348479606,-0.0874204951561,-0.913655640489,1.81782641326,0
1.20654328619,-0.387421795306,-0.334062948363,0.907658624947,0
1.4081327248,-0.524279973163,-0.836771042653,1.61272859475,0
1.34937283174,-0.901986251612,1.51418213101,0.231018682217,0
0.806108580314,-1.4275493654,-1.09953159297,0.0870013857277,0
1.7336708121,-0.586600337733,0.0473045000411,0.239623914089,0
1.65980352168,-0.314299064772,-0.9782206162,-1.52300013618,0
2.01211173306,0.424909651034,0.162363037382,-0.0102913163337,0
1.20955257965,-0.665326345223,0.00207502191937,1.02680057885,0
0.645590428076,-1.64715656915,-1.47516048303,1.01069371599,0
1.45544479646,-0.977490972384,-0.743227540017,-0.39522206585,0
1.49722036079,-0.765187127176,-0.825779363251,0.0896198578393,0
1.13596050073,-0.77811677728,-1.9058178748,-0.568085720287,0
1.81711674091,-0.190916757983,-0.515756545285,1.26393020236,0
0.533743846653,-1.50387342123,0.150698143787,0.695518311496,0
1.52466841428,-0.659028304978,0.0059388143865,-1.04890037146,0
0.478225365216,-1.38080764151,0.907204868183,-0.845441342068,0
-0.181117134198,-1.94242899013,-0.526243340773,0.18209977881,0
0.429781781058,-1.71176642161,0.945538789447,-0.201384543283,0
1.69919989975,-0.29962227677,1.51052473198,-0.571478415052,0
2.69317140666,0.779308087556,0.665589286955,0.0036163009507,0
0.909762289809,-0.893434728012,1.54667183821,0.214406013261,0
0.962555948765,-1.40026863441,-1.87731281806,1.08833520981,0
-0.175424621274,-2.78277870808,-0.0815485133405,-0.553061911068,0
0.212080222575,-1.55279383754,1.22296476192,-0.33130863603,0
0.733469838547,-1.08088061194,0.599986743162,-0.768383319298,0
0.203115439404,-1.43999847443,-0.836130126828,1.81058176058,0
-0.519245411459,-2.75520088462,-0.787032737263,-0.584770936417,0
1.53202486907,0.423389954796,-1.70832079187,1.62998224401,0
0.607449234812,-1.07734582959,0.397998323295,0.237779633453,0
0.44880982891,-1.81736849625,0.975138410579,-1.32933656933,0
1.33557181448,-0.7551367646,-0.54104678192,-0.0914377312495,0
1.43234621866,-0.776771707644,-1.54847105073,1.31142712635,0
1.16694274926,-0.469529484852,-0.0184290501934,-0.323288636256,0
-0.72557245883,-2.54920700201,0.236225489568,-0.752582284337,0
1.87657071105,0.164595370464,0.045113003813,3.427538547,0
1.73820427228,-0.266103057058,0.604682030246,1.66831105963,0
-0.028568075415,-2.07356369112,-0.355083122456,-0.751568990131,0
1.50706051774,-0.764131990661,0.309703589372,-1.34170494342,0
0.381632204669,-1.52194598424,-2.30695776545,0.731592505022,0
0.982037844893,-1.33386209339,0.641338144972,0.833851221753,0
1.17276481006,-1.06678622587,0.02816987319,1.97837269988,0
2.78960063969,1.44574901928,-0.0873281870576,-0.553964740791,0
0.469265024335,-2.06038766709,-3.00649871501,-0.0471658676532,0
1.31235830381,-0.83365887282,0.83187778506,0.0068611985395,0
1.22435497018,-0.953286090451,1.12422173445,2.29488116626,0
0.564128632309,-1.33059480165,-0.173350208377,1.23125355959,0
0.865826404463,-0.735842516385,-1.58585257518,1.03131910436,0
0.985119698475,-0.511226747829,0.0634904803868,-0.221390498347,0
0.669657939703,-1.89157443548,-0.163398920006,-0.156303468339,0
1.04752867099,-0.73638393932,-0.308802909345,0.19867297015,0
0.579395927713,-1.3594898244,-0.174292134066,-1.15579247896,0
1.41235161064,-0.712339619201,0.417053888992,-0.607867948389,0
1.20613843817,-0.830886839679,1.04798661479,-0.0338269665724,0
0.46378426876,-1.72889054828,0.127023953321,-2.04923191324,0
0.701740363971,-1.32957042821,-1.25668012817,0.939614393507,0
0.827944142194,-1.11989773872,-0.733816726026,-0.532437658999,0
1.32634923018,-0.560269066232,-0.277939967268,1.36374259283,0
0.839092003308,-1.32817310071,0.374137997802,1.31026460338,0
0.366338024107,-1.66146274863,-0.267747797531,0.213176263766,0
1.75508715439,0.0101639816556,-1.20324345538,1.17803123514,0
0.732092752853,-1.45338592917,0.108648203695,0.0441290987963,0
0.934796241718,-1.54030899294,0.338315539226,1.44679207392,0
-0.268279263168,-2.93661447258,-0.214495106489,1.66303895775,0
1.00996019025,-0.628692214586,-0.851522584404,0.422184607969,0
1.51374041154,-0.405029688873,2.00921856117,-0.489814731259,0
2.67779624928,1.05642959591,0.245255853443,0.877505062836,0
0.962945818403,-0.940910718161,-0.137899698899,-1.50035327616,0
1.39993517103,-0.304072868383,-1.05595935907,0.580932588854,0
0.919273627249,0.936852616837,0.891515319989,0.784555334321,1
0.414910908767,0.767699968521,1.14643201387,0.071985194936,1
1.9551633759,1.06188438331,0.208233170711,-1.51886865916,1
1.04550583281,1.13399116679,0.317328953702,0.612680785391,1
-0.348214660764,0.722205273701,-0.583211294816,0.644001698895,1
2.34121158722,1.46018418209,-1.81588884452,0.751099597795,1
1.28388538358,-0.10956097798,0.300284323621,2.11060853359,1
0.560241980328,1.34738347546,1.41308553687,1.50698035856,1
0.871853812758,0.977835485216,0.817397096368,0.646615613915,1
0.923963567758,0.95794809419,-1.18163131491,-0.335091300352,1
-0.192755282041,1.14225901465,1.82672847066,-1.45616444872,1
2.16421982293,1.93811163054,-0.450281834813,-1.41923408081,1
2.28649612056,2.22746867776,1.45095181403,-0.565781328546,1
1.87442520728,1.71964175203,1.54453436593,-0.413762493719,1
2.26205506036,0.644446338249,-0.504132080164,1.27852918898,1
2.61607135791,1.04090584439,0.938831726394,-2.71628030922,1
2.02487331745,0.833072378354,0.451140789857,0.600166878252,1
0.52214743776,0.291919670536,0.209806930901,-0.657658003825,1
1.84766058033,0.290641618159,0.0284084446396,-0.398061480966,1
-0.404268194147,1.30175372523,0.21132302761,-0.202394262861,1
0.317135184298,1.2123677048,-0.621928158239,0.163770446305,1
-0.689758655874,0.234090897466,0.802438910184,0.289005892395,1
1.84100632514,1.41194713161,-0.553642389931,0.33625402037,1
1.06501563875,0.909388675337,1.06979239186,1.59540416858,1
1.97732565185,1.5140237344,1.20755258416,0.537380193359,1
0.815086719307,1.10306478087,-1.00912403121,-1.36555272692,1
0.888826848121,1.49231274986,-0.202381213719,-1.40918478156,1
1.75465033231,1.90215561913,-0.784784729061,-0.170122304751,1
1.205397952,1.13600879446,-0.484210421739,-0.32791805631,0
1.54311138677,0.911338640724,-1.3280046273,0.231466759793,1
-0.500677305397,1.06995429611,0.996508051067,-0.548137467789,1
2.38591623137,1.2438886962,0.725755344191,2.66272671372,1
1.16151499263,1.01298001787,-0.0918110301345,0.65121000795,1
1.07823985907,1.03127403959,0.196770090087,0.969623729224,1
-0.0932446019173,0.767123146592,-1.71864987661,-1.05695676795,1
1.76615723337,0.777791389252,0.143463928071,0.886962566158,1
1.33413890871,-0.177159533923,0.130524025865,-1.66457325097,1
0.121396334038,1.90974377089,-0.823613276458,-0.794706117597,1
1.73149168278,1.67410406141,0.388991945003,-0.76203895984,1
1.55219005663,0.551159347225,-0.680807104801,1.08474757664,1
1.07967107401,1.65244497292,1.3353162768,-0.413274805336,1
-0.850103672781,-0.253009423584,0.42490267235,-1.88148379853,1
1.96464050365,1.00374007591,0.198327059355,1.1899780498,1
2.73836652795,2.29413804196,0.526781705257,0.101060844357,1
0.670439633283,1.55111373286,-0.388642973473,-0.646792015591,1
1.77026420501,0.684119480412,-0.179082405194,-1.55144113824,1
1.48908031239,1.68056640533,1.6104589783,0.564210640395,1
0.980480005397,1.79866633032,-0.102437034213,-0.619804774827,1
2.48049054975,1.52664557618,-0.0703396201577,0.797794942263,1
1.6639196921,0.340487018197,1.01144789122,-0.903690930066,1
0.607266022245,1.03244280864,-0.973528760174,2.07822996281,1
1.2316816508,0.28375366721,1.13659285772,0.708519940828,1
2.40758927814,0.879701662983,-0.138646243717,0.924020338263,1
0.0486446053098,1.27983890335,-1.27323317583,1.53176842154,1
0.422017323834,0.0888282755387,-0.0357722247372,0.790861502159,1
1.64721488252,2.4513251245,0.646217774895,-0.131570911262,1
1.65056043735,-0.0586217168546,-0.175366355097,1.22158314128,1
1.15103446007,0.511054253534,1.02649740458,-1.77223111998,1
1.78352946622,1.94282028763,-1.69240573706,-0.946220620356,1
0.594510686461,1.55623285901,-0.8935453983,-1.11852587259,1
0.857510919556,0.195713340779,0.272110643262,-0.463704447134,1
2.46998984073,1.63470430348,1.20612462176,1.45287776552,1
0.782272182378,0.739335731285,-0.0286832374976,1.68345794867,1
1.61261085043,1.4019965632,0.0242143101407,-0.43479064675,1
2.75749187347,1.4248587208,0.0647857392939,0.944860001993,1
0.762613404641,0.92328178124,-1.6144609727,-0.208599322224,1
0.814205182754,1.23697941025,0.297405660317,0.363084665239,1
1.09586333732,0.770457135381,-0.368436343323,0.488785742643,1
1.99930624762,1.12811529659,0.292121617951,-0.591908113472,1
0.817190375693,0.335986525956,2.18159862894,0.439550206031,1
1.66024564048,1.77063622984,-0.331183350174,-0.571719033478,1
0.678426702133,0.654735656515,1.02940891823,0.102059791064,1
1.84719000037,2.16597886343,2.54811269782,-0.435924122952,1
2.25173123297,0.823410336352,-1.24260693845,-0.0276984588336,1
1.5344027278,1.68942614169,0.175067458837,-2.11845063464,1
0.189087601942,1.16105015126,-0.309168514381,-0.368415441388,1
2.66474257278,0.993627704356,-0.368763536206,-0.630225747631,1
1.03745586944,0.260680896797,-1.34319254309,0.758038051422,1
-0.346099861096,0.806993489831,-0.58384084399,-1.0237014524,1
0.203145937375,1.55609352939,-0.759934267818,-0.472323239747,1
0.953814712886,1.25270664735,0.108647124713,0.66833898636,1
1.12079134514,-0.406141215642,-0.953179498015,-0.479297397554,1
1.1797129491,1.36774550412,-1.34550772802,-3.39229999342,1
0.460814443353,0.572832105998,0.155793930732,1.5200035175,1
0.938602147596,0.960179256055,0.522083253353,-0.507059956143,1
2.27105327468,1.30014710344,0.0964791426052,-1.174820101,1
2.569695047,0.862402117352,-0.122292358033,-0.427709253058,1
1.31865181634,1.65402345299,-0.852714232067,0.405652229805,1
1.77119994839,0.788493930632,2.59986716438,1.66544950643,1
-0.150024553333,1.93844468381,-0.0720730213221,0.884114654716,1
1.24424685522,1.3214477537,0.86270743407,-0.647538025686,1
2.22089488401,2.22056868458,0.643904073501,-1.44099209851,1
0.253388864652,1.21438352923,-0.805298391852,0.238752870406,1
0.592663102418,0.853366520548,-0.414787662357,1.75647864303,1
-0.679426412996,0.552585576877,0.648040434555,-0.382038121166,1
2.98983119977,1.37131920338,-0.470579713113,0.186970608213,1
-0.250623169242,1.82772629974,-1.05553128864,0.595611953295,1
1.30474390633,1.38924032443,-1.37530194995,0.623010195961,1
1.55837770038,0.92179980432,-0.16459473198,0.414613518091,1
1.33905779964,1.35285187428,-1.01258592534,0.244985207088,1
1.80655404817,0.309124774277,2.41234774151,-0.457216752461,1
0.00635811736096,0.85504964398,0.317399860329,1.50556694976,1
2.89824090055,1.85255971002,0.76170414486,0.431885484145,1
0.634277496625,0.693647560257,-1.01368927252,-1.2775883723,1
2.62512273272,0.949330420254,0.0534324406825,-0.463235855313,1
0.330131409578,1.02232126938,-0.0190582137753,0.20565667402,1
1.76612972771,0.693903107169,-0.676427838843,0.494103026014,1
1.04064451333,0.263045001771,1.85855618859,-1.00934098738,1
0.457905996811,0.397836041481,-0.469546358521,-0.04961065868,1
1.18108953467,1.39786089847,1.14045967394,-1.18638200068,1
0.793972933156,0.0290803798767,-1.06514810438,-2.16366101282,1
-0.655710504486,0.900556271119,-0.440362213214,0.680145766022,1
1.59194676033,0.941213478028,1.06522470898,0.357153661308,1
0.42561035475,1.01903198666,-0.600956979382,0.706471613702,1
0.439088447129,0.90315043492,0.204318590616,-1.92070559893,1
2.5222427815,1.52184051714,-1.22809483262,1.5118653052,1
0.230253293608,2.58788532884,0.322205082975,-1.37479438851,1
1.97234809857,2.03992801542,0.819953108062,1.06143495976,1
0.468859710171,0.833534978535,-0.43503402946,0.657682096387,1
0.614524624412,1.07223733966,-3.74010063795,0.973576795188,1
1.17053266497,0.247870689986,1.17515539192,-1.12470271476,1
-0.648361166323,0.203536453524,0.282085399515,-0.338120543047,1
-0.381277982307,0.269581794486,-0.102529480771,-0.424880444535,0
1.42608583951,-0.568470751464,-1.33229546685,1.89040370308,1
-0.507492388457,1.41496322858,-0.310310849579,0.104755044262,1
1.76911087966,1.79884680879,-1.00940058025,-1.03686716112,1
-0.475680735676,0.487367496551,0.412598415075,0.526392080151,1
0.492419303188,1.33143371652,0.877924169325,1.10377400249,1
1.25615656757,0.922552755634,-0.210207540501,-0.444203063993,1
-0.424628436954,0.855503755409,0.746813832849,-0.63743920343,1
0.710480610135,1.10116842058,0.871758495898,0.374500287242,1
1.80317322575,0.0842332938709,1.15502643458,0.670391688848,1
1.62227293158,1.76051503011,-1.05444582389,-0.865633641586,1
0.640388489679,1.59235954868,0.732485297007,1.90705584242,1
2.63120905678,1.76817844728,-1.32281170078,0.0232116043253,1
0.258752449447,0.507008832268,0.28167455748,-1.52577751187,1
1.65392000484,1.44138015012,0.478124996363,-0.0931227920474,1
1.51351971086,1.486840072,-2.09655748122,1.62172797825,1
0.452824294441,1.51202115439,-0.863208219071,-1.2825034143,1
1.68659876988,0.846301370444,0.420141622212,0.557486795905,1
2.05594062248,2.02843147138,0.736411403696,-0.386003362209,1
2.07271941718,0.494458010732,-0.0109143378909,-0.730806763174,1
1.60967286673,1.02809521804,-1.31019730563,1.07913064905,1
3.37840349051,0.962240021007,-0.102762685018,-0.182314255423,1
-0.0890890770957,-0.00478187647605,-1.999267592,-0.17837110428,1
1.612015894,1.23701122424,-0.842494497091,-0.17461365315,1
2.12879630809,0.579182276205,-0.219244151857,-0.446464791333,1
1.42348896409,0.415270419881,0.938838642911,0.447054152324,1
1.08840507767,1.10738560731,1.12715451447,-1.32482736996,1
1.4929507361,1.02413122658,-0.648955927448,-0.0402808183223,1
0.257590979887,1.06472612666,-0.406638969903,-0.0792577254967,1
0.841857453065,2.17946651412,-1.18210339931,-0.716178057262,1
0.93035864015,0.537481439752,-1.64155395485,-0.890025551773,1
2.10435088901,0.48891906053,0.694176720392,-0.214206884766,1
1.71318274581,1.3293754998,1.50575323876,-0.595533874306,1
1.90669318343,0.447497608,0.119071080872,-1.21325233015,1
-0.113311477116,0.857971687656,2.60067187042,-0.1786205987,1
0.693211677542,0.00657833476003,0.829629840299,0.413385020867,1
-1.2929936796,1.28722732661,-0.583878814839,-1.33090128154,1
1.45043989997,0.215280806762,0.156143124539,-0.556789744363,1
1.39065887031,0.647134621889,-0.155504301492,0.651302058797,1
0.240998470439,1.05607947875,0.0782411558404,0.377116297369,1
0.804261928946,-0.0384336065245,0.150046576056,-1.46724933265,1
1.00941276426,1.02905841147,1.3960621957,1.17585229643,1
-0.0299675323029,1.45704831976,-1.13616485426,0.505300611427,1
0.455359785061,0.399355104166,-0.662024270162,-0.746916337063,1
0.960090372555,0.679061626058,-0.00484166133505,1.7476682305,1
0.700844563037,0.377319022023,1.05795756148,0.605221358332,1
0.535460250455,1.06507350531,-1.15060563575,2.55444941875,1
0.138965048025,0.00979182212641,0.873731045661,-2.34883741992,1
0.935406238994,1.39731190833,0.399474335208,-0.488694715918,1
2.17352132525,1.3184490463,0.409982355949,0.40064036681,1
1.95359475186,0.625658495799,-0.91851907647,1.82588575231,1
0.421350480288,0.207933348014,0.199784621419,0.94134790651,1
1.86186217147,1.98110653792,1.35142356475,-0.738157597952,1
0.681189102796,0.764841475571,-0.911768484807,1.12190734885,1
0.745318170158,1.17649225975,1.39283743276,-1.37701857079,1
0.731352370923,0.774742918652,2.01124318616,-0.235503314334,1
0.260116026578,1.62705661641,0.691784528512,0.564388209105,1
1.31115976331,0.800579545033,-0.971342319833,-0.864048138947,1
1.16869340104,0.470745572718,-2.08359233929,-1.15115013563,1
0.790003152716,0.209779463902,-1.48247596074,0.0401905157703,1
0.279315534153,1.04728933007,1.36940215272,-0.0271449306665,1
0.215522335285,0.780804207276,0.338854162183,0.778003543368,1
0.626705735441,0.595271259278,0.67970944102,-0.385831500112,1
0.345047228022,1.05529241072,-1.46334506083,-0.429805510041,1
0.556957144611,-0.091530577851,0.0629593552639,-0.871645212771,1
0.390315938157,0.685949173845,0.361960710701,-0.292712095942,1
0.723456962163,0.726998759753,0.621821527511,-0.803239476185,1
0.642719049588,1.55083176962,-0.921967659309,1.7740563377,1
0.322828397141,0.781937289693,0.0287562377137,0.552963849396,1
1.67318374903,2.06125205547,-1.09842225289,-0.377264455482,1
1.69011185373,0.873240254477,0.682169482808,1.56561585965,1
2.98613063245,1.32662546607,-0.7244850748,-0.802917411439,1
1.73965822692,1.32214993648,-0.0226689403443,-1.52439514975,1
3.2719840681,1.52507985681,-0.0301333064776,-0.0647283846154,1
1.57197197401,1.20353090115,0.724749150329,1.41460974269,1
0.743726394495,0.900390157252,0.5698443178,0.74155105096,1
-1.15800551029,0.546702333953,0.0522789511343,-0.359744576476,1
1.32130779093,1.57713542827,-1.99597686916,-0.886220819175,0
0.951998298525,0.927472499992,0.217266684693,-1.64559372379,1
0.382735014221,0.291006771662,0.242889822783,-0.400834710268,1
1.27299816018,1.29040845141,-1.02155985258,-0.470024316655,1
0.792113036896,0.869371578272,0.728781521262,0.885501109619,1
1.18335698717,0.717281129366,-1.93702140745,-0.149484012149,1
-1.11152567876,0.193281290714,0.913884658284,-0.257894859609,1
0.779852443185,0.831468266674,0.108815270914,-1.49541087526,1
0.00160532092377,1.41689817849,-0.480033656818,1.82877542939,1
-1.29419208153,0.233239049305,-0.788068034515,-1.4406323432,1
0.838430737817,1.2751318425,0.149471758558,0.788629333066,1
-0.945013003437,0.471963347936,1.19381049063,-0.517722642125,1
1.14843405181,0.994945939146,0.222475576629,0.544354878285,1
2.06290707499,1.53341056212,0.649210527834,-0.54720274401,1
2.43038287772,2.0224016132,1.7127249309,-0.687297022551,1
0.809874797093,1.79970418305,0.707872158693,-0.0219112361455,1
-0.0184212520038,0.567026820284,-0.587218564025,-0.642851298963,1
1.6403838796,1.19863324239,-0.58634691092,-0.446871065053,1
1.28506578253,1.89450351352,-1.01888559936,0.697409703212,1
0.827712316435,0.405664520235,-0.70351531562,-0.6150208487,1
-0.0820561808764,0.785524978466,0.488690591208,-0.107961943134,1
1.08358223951,1.88774471752,-1.42190363528,-0.936009498544,1
0.467772923468,0.925647158957,-0.196557244421,-0.574987837367,1
1.31815254514,1.33533533122,0.750482537253,-0.764402028991,1
2.27903349762,2.2044350124,-0.967127071043,-1.01054620878,1
1.11482651354,0.188822614978,0.406657246958,0.483471726086,1
1.3467744397,0.418301336743,-1.67244458757,0.622075196518,1
2.17449563172,0.0772180210843,0.860973270496,-1.69099776181,1
1.5085330216,0.869453301109,-0.690431429361,1.42889242436,1
-0.0215097515825,0.432956954629,1.00610170603,0.024792659251,1
1.41717834701,2.22421429777,0.501249396289,2.11201962362,1
2.06866844203,1.80534656156,0.502796973453,-1.22080886142,1
2.02272229779,2.14000695766,1.3649389996,-0.870938890625,1
-0.706209900853,0.441742658664,0.993902235848,0.656270660957,1
1.60370631914,1.58130812238,0.889513553006,1.54093297541,1
0.956788901993,0.987948158069,-1.46591432851,-0.0695885549388,1
-0.31446879572,0.94911022277,1.94604950255,0.97638174452,1
1.17695389976,1.18156564087,0.177158337341,-1.02317313003,1
1.2245810408,0.900364192993,0.106720492952,-0.911881298544,1
0.704460522564,1.44240985712,-1.46836695646,0.576478703059,1
0.926621942051,0.181674875581,0.0653056053383,-0.773512802761,1
1.55949706795,0.791151172665,0.394948188962,-0.503889887788,1
0.626467111319,0.502729405331,1.77955908421,-0.03057244437,1
0.534162164548,0.0102209176452,1.57708821247,-0.812802100839,1
0.680700659778,1.08907641548,0.613349165404,1.84369997648,1
1.90880688649,0.681132863306,0.271090982216,1.13644762705,0
-0.383660425576,0.952011524733,-1.73833186817,0.707134744321,1
-0.120512840474,1.17238749237,0.0303861314649,0.765001977385,1
0.917112044301,1.1059664548,0.867665218013,-2.25625011781,1
0.100276636321,1.45875845995,-0.443602739606,-0.670023280599,1
1.04152290117,-0.0198714323853,0.152164190006,-1.94053339717,1
